,Flight No,Date and Time (UTC),"Version,Booster",Launch site,Payload,Payload Mass,Orbit,Customer,Launch Outcome,Booster landing
0,1,"4 June 2010,18:45",F9 v1.0[7]B0003.1[8],"CCAFS,SLC-40",Dragon Spacecraft Qualification Unit,,LEO,SpaceX,Success,Failure[9][10](parachute)
2,2,"8 December 2010,15:43[13]",F9 v1.0[7]B0004.1[8],"CCAFS,SLC-40",Dragon demo flight C1(Dragon C101),,LEO (ISS),NASA (COTS) NRO,Success[9],Failure[9][14](parachute)
4,3,"22 May 2012,07:44[17]",F9 v1.0[7]B0005.1[8],"CCAFS,SLC-40",Dragon demo flight C2+[18](Dragon C102),"525 kg (1,157 lb)[19]",LEO (ISS),NASA (COTS),Success[20],No attempt
6,4,"8 October 2012,00:35[21]",F9 v1.0[7]B0006.1[8],"CCAFS,SLC-40",SpaceX CRS-1[22](Dragon C103),"4,700 kg (10,400 lb)",LEO (ISS),NASA (CRS),Success,No attempt
7,4,"8 October 2012,00:35[21]",F9 v1.0[7]B0006.1[8],"CCAFS,SLC-40",Orbcomm-OG2[23],172 kg (379 lb)[24],LEO,Orbcomm,Partial failure[25],No attempt
9,5,"1 March 2013,15:10",F9 v1.0[7]B0007.1[8],"CCAFS,SLC-40",SpaceX CRS-2[22](Dragon C104),"4,877 kg (10,752 lb)",LEO (ISS),NASA (CRS),Success,No attempt
11,6,"29 September 2013,16:00[30]",F9 v1.1[7]B1003[8],"VAFB,SLC-4E",CASSIOPE[22][31],"500 kg (1,100 lb)",Polar orbit LEO,MDA,Success[30],Uncontrolled(ocean)[d]
13,7,"3 December 2013,22:41[34]",F9 v1.1B1004,"CCAFS,SLC-40",SES-8[22][35][36],"3,170 kg (6,990 lb)",GTO,SES,Success[37],No attempt[38]
0,8,"6 January 2014,22:06[41]",F9 v1.1,"CCAFS,SLC-40",Thaicom 6[22],"3,325 kg (7,330 lb)",GTO,Thaicom,Success[42],No attempt[43]
2,9,"18 April 2014,19:25[21]",F9 v1.1,"Cape Canaveral,LC-40",SpaceX CRS-3[22](Dragon C105),"2,296 kg (5,062 lb)[45]",LEO (ISS),NASA (CRS),Success,Controlled(ocean) [d][46]
4,10,"14 July 2014,15:15",F9 v1.1,"Cape Canaveral,LC-40",Orbcomm-OG2-1(6 satellites)[22],"1,316 kg (2,901 lb)",LEO,Orbcomm,Success[51],Controlled(ocean)[d][46]
6,11,"5 August 2014,08:00",F9 v1.1,"Cape Canaveral,LC-40",AsiaSat 8[22][54][55],"4,535 kg (9,998 lb)",GTO,AsiaSat,Success[56],No attempt[57]
8,12,"7 September 2014,05:00",F9 v1.1B1011[8],"Cape Canaveral,LC-40",AsiaSat 6[22][54][58],"4,428 kg (9,762 lb)",GTO,AsiaSat,Success[59],No attempt
10,13,"21 September 2014,05:52[21]",F9 v1.1B1010[8],"Cape Canaveral,LC-40",SpaceX CRS-4[22](Dragon C106.1),"2,216 kg (4,885 lb)[62]",LEO (ISS),NASA (CRS),Success[63],Uncontrolled(ocean)[d][64]
0,14,"10 January 2015,09:47[67]",F9 v1.1B1012[8],"Cape Canaveral,LC-40",SpaceX CRS-5[68](Dragon C107),"2,395 kg (5,280 lb)[69]",LEO (ISS),NASA (CRS),Success[70],Failure (drone ship)
2,15,"11 February 2015,23:03[72]",F9 v1.1B1013[8],"Cape Canaveral,LC-40",DSCOVR[68][73],"570 kg (1,260 lb)",HEO(Sun–Earth L1 insertion),USAF NASA NOAA,Success,Controlled(ocean)[d]
4,16,"2 March 2015,03:50[21][76]",F9 v1.1B1014[8],"Cape Canaveral,LC-40",ABS-3A Eutelsat 115 West B[68],"4,159 kg (9,169 lb)",GTO,ABS Eutelsat,Success,No attempt[77]
6,17,"14 April 2015,20:10[21]",F9 v1.1B1015[8],"Cape Canaveral,LC-40",SpaceX CRS-6[68](Dragon C108.1),"1,898 kg (4,184 lb)[82]",LEO (ISS),NASA (CRS),Success,Failure[83](drone ship)
8,18,"27 April 2015,23:03[86]",F9 v1.1B1016[8],"Cape Canaveral,LC-40",TürkmenÄlem 52°E / MonacoSAT[68][87],"4,707 kg (10,377 lb)",GTO,Turkmenistan NationalSpace Agency[88],Success,No attempt[89]
10,19,"28 June 2015,14:21[21][91]",F9 v1.1B1018[8],"Cape Canaveral,LC-40",SpaceX CRS-7[68](Dragon C109),"1,952 kg (4,303 lb)[92]",LEO (ISS),NASA (CRS),Failure[93](in flight),Precluded[94](drone ship)
12,20,"22 December 2015,01:29[97]",F9 FTB1019.1[98],"Cape Canaveral,LC-40",Orbcomm-OG2-2(11 satellites)[22][97],"2,034 kg (4,484 lb)",LEO,Orbcomm,Success,Success[99](ground pad)
0,21,"17 January 2016,18:42[21]",F9 v1.1B1017[8],"VAFB,SLC-4E",Jason-3[68][104],"553 kg (1,219 lb)",LEO,NASA (LSP) NOAA CNES,Success,Failure(drone ship)
2,22,"4 March 2016,23:35[21]",F9 FTB1020.1[108],"Cape Canaveral,LC-40",SES-9[68][109][110],"5,271 kg (11,621 lb)",GTO,SES,Success,Failure(drone ship)
4,23,"8 April 2016,20:43[21]",F9 FTB1021.1[115],"Cape Canaveral,LC-40",SpaceX CRS-8[68][110](Dragon C110.1),"3,136 kg (6,914 lb)[116]",LEO (ISS),NASA (CRS),Success[117],Success[118](drone ship)
6,24,"6 May 2016,05:21[21]",F9 FTB1022.1[122],"Cape Canaveral,LC-40",JCSAT-14[123],"4,696 kg (10,353 lb)[124]",GTO,SKY Perfect JSAT Group,Success,Success(drone ship)
8,25,"27 May 2016,21:39[128]",F9 FTB1023.1[129],"Cape Canaveral,LC-40",Thaicom 8[130][131],"3,100 kg (6,800 lb)[132]",GTO,Thaicom,Success,Success[133](drone ship)
10,26,"15 June 2016,14:29[21]",F9 FTB1024.1[108],"Cape Canaveral,LC-40",ABS-2A Eutelsat 117 West B[68],"3,600 kg (7,900 lb)",GTO,ABS Eutelsat,Success,Failure[64](drone ship)
12,27,"18 July 2016,04:45[21]",F9 FTB1025.1[129],"Cape Canaveral,LC-40",SpaceX CRS-9[68][141](Dragon C111.1),"2,257 kg (4,976 lb)[142]",LEO (ISS),NASA (CRS),Success,Success(ground pad)
14,28,"14 August 2016,05:26",F9 FTB1026.1[108],"Cape Canaveral,LC-40",JCSAT-16,"4,600 kg (10,100 lb)",GTO,SKY Perfect JSAT Group,Success,Success(drone ship)
16,N/A [e],"3 September 2016,07:00(planned)[145]",F9 FT B1028.1[108],"Cape Canaveral,LC-40",Amos-6[146],"5,500 kg (12,100 lb)",GTO,Spacecom,Precluded(failure pre-flight),Precluded(drone ship)
0,29,"14 January 2017,17:54",F9 FTB1029.1[151],"VAFB,SLC-4E",Iridium NEXT-1(10 satellites)[152][153],"9,600 kg (21,200 lb)",Polar LEO,Iridium Communications,Success,Success[154](drone ship)
2,30,"19 February 2017,14:39",F9 FTB1031.1[8],"KSC,LC-39A",SpaceX CRS-10[141](Dragon C112.1),"2,490 kg (5,490 lb)[160]",LEO (ISS),NASA (CRS),Success,Success(ground pad)
4,31,"16 March 2017,06:00",F9 FTB1030.1[163],"KSC,LC-39A",EchoStar 23,"5,600 kg (12,300 lb)[164]",GTO,EchoStar,Success,No attempt[165]
6,32,"30 March 2017,22:27",F9 FT ♺B1021.2[115],"KSC,LC-39A",SES-10[109][168],"5,300 kg (11,700 lb)[169]",GTO,SES,Success[170],Success(drone ship)
8,33,"1 May 2017,11:15",F9 FTB1032.1[129],"KSC,LC-39A",NROL-76[174],Classified,LEO[175],NRO,Success,Success(ground pad)
10,34,"15 May 2017,23:21",F9 FTB1034.1[179],"KSC,LC-39A",Inmarsat-5 F4[180],"6,070 kg (13,380 lb)[181]",GTO,Inmarsat,Success,No attempt[165]
12,35,"3 June 2017,21:07",F9 FTB1035.1[185],"KSC,LC-39A",SpaceX CRS-11[141](Dragon C106.2 ♺),"2,708 kg (5,970 lb)[186]",LEO (ISS),NASA (CRS),Success,Success(ground pad)
14,36,"23 June 2017,19:10",F9 FT ♺ B1029.2[195],"KSC,LC-39A",BulgariaSat-1[196],"3,669 kg (8,089 lb)[197]",GTO,Bulsatcom,Success,Success(drone ship)
16,37,"25 June 2017,20:25",F9 FTB1036.1[198],"VAFB,SLC-4E",Iridium NEXT-2(10 satellites),"9,600 kg (21,200 lb)",LEO,Iridium Communications,Success,Success(drone ship)
18,38,"5 July 2017,23:38",F9 FTB1037.1[200],"KSC,LC-39A",Intelsat 35e[201],"6,761 kg (14,905 lb)[202]",GTO,Intelsat,Success,No attempt[165]
20,39,"14 August 2017,16:31",F9 B4B1039.1[207],"KSC,LC-39A",SpaceX CRS-12[141](Dragon C113.1),"3,310 kg (7,300 lb)",LEO (ISS),NASA (CRS),Success,Success(ground pad)
22,40,"24 August 2017,18:51",F9 FTB1038.1[209],"VAFB,SLC-4E",Formosat-5[210][211],"475 kg (1,047 lb)[212]",SSO,NSPO,Success,Success(drone ship)
24,41,"7 September 2017,14:00[215]",F9 B4B1040.1[108],"KSC,LC-39A",Boeing X-37B OTV-5,"4,990 kg (11,000 lb)[216]+ OTV payload",LEO,USAF,Success,Success(ground pad)
26,42,"9 October 2017,12:37",F9 B4B1041.1[219],"VAFB,SLC-4E",Iridium NEXT-3(10 satellites)[152],"9,600 kg (21,200 lb)",Polar LEO,Iridium Communications,Success,Success(drone ship)
28,43,"11 October 2017,22:53:00",F9 FT ♺ B1031.2[220],"KSC,LC-39A",SES-11 / EchoStar 105,"5,400 kg (11,900 lb)[221][222]",GTO,SES S.A. EchoStar,Success,Success(drone ship)
30,44,"30 October 2017,19:34",F9 B4B1042.1[219],"KSC,LC-39A",Koreasat 5A[224],"3,500 kg (7,700 lb)",GTO,KT Corporation,Success,Success(drone ship)
32,45,"15 December 2017,15:36[228]",F9 FT ♺ B1035.2[229],"Cape Canaveral,SLC-40",SpaceX CRS-13[141](Dragon C108.2 ♺),"2,205 kg (4,861 lb)",LEO (ISS),NASA (CRS),Success,Success(ground pad)
34,46,"23 December 2017,01:27[231]",F9 FT ♺ B1036.2[229],"VAFB,SLC-4E",Iridium NEXT-4(10 satellites)[152],"9,600 kg (21,200 lb)",Polar LEO,Iridium Communications,Success[232],Controlled(ocean)[d][232]
0,47,"8 January 2018,01:00[239]",F9 B4B1043.1[240],"CCAFS,SLC-40",Zuma[240][241][242],Classified,LEO,Northrop Grumman [f][240],Success[243],Success(ground pad)
2,48,"31 January 2018,21:25[246]",F9 FT ♺ B1032.2[247],"CCAFS,SLC-40",GovSat-1 (SES-16)[248],"4,230 kg (9,330 lb)[249]",GTO,SES,Success[250],Controlled(ocean)[d][250]
4,FH 1,"6 February 2018,20:45[255]",Falcon HeavyB1033.1 (core)[129],"KSC,LC-39A",Elon Musk's Tesla Roadster[256][257],"~1,250 kg (2,760 lb)[258]",Heliocentric0.99–1.67 AU[258](close to Mars transfer orbit),SpaceX,Success[259],Failure[259](drone ship)
6,FH 1,"6 February 2018,20:45[255]",B1025.2[8] (side) ♺,"KSC,LC-39A",Elon Musk's Tesla Roadster[256][257],"~1,250 kg (2,760 lb)[258]",Heliocentric0.99–1.67 AU[258](close to Mars transfer orbit),SpaceX,Success[259],Success(ground pad)
8,49,"22 February 2018,14:17[269]",F9 FT ♺B1038.2[270],"VAFB,SLC-4E",Paz[271] Tintin A and Tintin B[272],"2,150 kg (4,740 lb)",SSO,Hisdesat exactEarth SpaceX,Success[273],No attempt[273]
10,50,"6 March 2018,05:33[278]",F9 B4B1044.1[108],"CCAFS,SLC-40",Hispasat 30W-6[279] PODSat[280],"6,092 kg (13,431 lb)[281]",GTO,Hispasat[279] NovaWurks,Success[282],No attempt[283]
12,51,"30 March 2018,14:14[287]",F9 B4 ♺B1041.2[270],"VAFB,SLC-4E",Iridium NEXT-5(10 satellites)[152],"9,600 kg (21,200 lb)",Polar LEO,Iridium Communications,Success[288],No attempt[289]
14,52,"2 April 2018,20:30[293]",F9 B4 ♺B1039.2[294],"CCAFS,SLC-40",SpaceX CRS-14[141](Dragon C110.2 ♺),"2,647 kg (5,836 lb)[294]",LEO (ISS),NASA (CRS),Success[295],No attempt[296]
16,53,"18 April 2018,22:51[305]",F9 B4B1045.1[270],"CCAFS,SLC-40",Transiting Exoplanet Survey Satellite (TESS)[306],362 kg (798 lb)[307],HEO for P/2 orbit,NASA (LSP),Success[308],Success[308](drone ship)
18,54,"11 May 2018,20:14[312]",F9 B5[313]B1046.1[270],"KSC,LC-39A",Bangabandhu-1[314][315],"3,600 kg (7,900 lb)[316]",GTO,Thales-Alenia / BTRC,Success[317],Success[317](drone ship)
20,55,"22 May 2018,19:47[323]",F9 B4 ♺B1043.2[324],"VAFB,SLC-4E",Iridium NEXT-6(5 satellites)[152][155] GRACE-FO × 2[325][326],"6,460 kg (14,240 lb)[g]",Polar LEO,Iridium Communications GFZ • NASA,Success[329],No attempt[165]
22,56,"4 June 2018,04:45[332]",F9 B4 ♺B1040.2[270],"CCAFS,SLC-40",SES-12[333],"5,384 kg (11,870 lb)[334]",GTO,SES,Success[335],No attempt[165]
24,57,"29 June 2018,09:42[337]",F9 B4 ♺B1045.2[338],"CCAFS,SLC-40",SpaceX CRS-15(Dragon C111.2 ♺),"2,697 kg (5,946 lb)[339]",LEO (ISS),NASA (CRS),Success[340],No attempt[165]
26,58,"22 July 2018,05:50[342]",F9 B5B1047.1,"CCAFS,SLC-40",Telstar 19V[343],"7,075 kg (15,598 lb)[344]",GTO[345],Telesat,Success[346],Success[346](drone ship)
28,59,"25 July 2018,11:39[350]",F9 B5[351]B1048.1[352],"VAFB,SLC-4E",Iridium NEXT-7(10 satellites)[152],"9,600 kg (21,200 lb)",Polar LEO,Iridium Communications,Success[353],Success[354](drone ship)
30,60,"7 August 2018,05:18[355]",F9 B5 ♺ B1046.2[356],"CCAFS,SLC-40",Merah Putih (formerly Telkom 4)[357][358],"5,800 kg (12,800 lb)[359]",GTO,Telkom Indonesia,Success[360],Success[360](drone ship)
32,61,"10 September 2018,04:45[363]",F9 B5B1049.1[270],"CCAFS,SLC-40",Telstar 18V / Apstar-5C[343],"7,060 kg (15,560 lb)[363]",GTO[363],Telesat,Success[363],Success[363](drone ship)
34,62,"8 October 2018,02:22[365]",F9 B5 ♺B1048.2[366],"VAFB,SLC-4E",SAOCOM 1A[367][368],"3,000 kg (6,600 lb)[365]",SSO,CONAE,Success[365],Success[365](ground pad)
36,63,"15 November 2018,20:46[369]",F9 B5 ♺B1047.2[270],"KSC,LC-39A",Es'hail 2[370],"5,300 kg (11,700 lb)[371]",GTO,Es'hailSat,Success[372],Success[372](drone ship)
38,64,"3 December 2018,18:34:05",F9 B5 ♺ B1046.3[270]SHERPA,"VAFB,SLC-4E",SSO-A (SmallSat Express),"~4,000 kg (8,800 lb)[374]",SSO,Spaceflight Industries,Success[375],Success[375](drone ship)
40,65,"5 December 2018,18:16",F9 B5B1050[270],"CCAFS,SLC-40",SpaceX CRS-16(Dragon C112.2♺ ),"2,500 kg (5,500 lb)[384]",LEO (ISS),NASA (CRS),Success,Failure[385](ground pad)
42,66,"23 December 2018,13:51[388]",F9 B5B1054[389],"CCAFS,SLC-40",GPS III-01 (Vespucci),"4,400 kg (9,700 lb)[390]",MEO,USAF,Success[388],No attempt[388]
0,67,"11 January 2019,15:31[398]",F9 B5 ♺B1049.2[399],"VAFB,SLC-4E",Iridium NEXT-8(10 satellites)[152],"9,600 kg (21,200 lb)",Polar LEO,Iridium Communications,Success,Success(drone ship)
2,68,"22 February 2019,01:45[400]",F9 B5 ♺B1048.3[401],"CCAFS,SLC-40",Nusantara Satu (PSN-6)[402] Beresheet Moon lander[403] S5[404],"4,850 kg (10,690 lb)[405]",GTO,PSN SpaceIL / IAI Air Force Research,Success,Success(drone ship)
4,69,"2 March 2019,07:49[414]",F9 B5B1051.1[270][415],"KSC,LC-39A",Crew Dragon Demo-1[416](Dragon C201),"12,055 kg (26,577 lb)[417][h]",LEO (ISS),NASA (CCD),Success,Success(drone ship)
6,FH 2,"11 April 2019,22:35[423]",Falcon HeavyB1055 core[423],"KSC,LC-39A",Arabsat-6A[424],"6,465 kg (14,253 lb)[425]",GTO,Arabsat,Success,Success[i](drone ship)
8,FH 2,"11 April 2019,22:35[423]",B1053.1(side),"KSC,LC-39A",Arabsat-6A[424],"6,465 kg (14,253 lb)[425]",GTO,Arabsat,Success,Success(ground pad)
10,70,"4 May 2019,06:48",F9 B5B1056.1[422],"CCAFS,SLC-40",SpaceX CRS-17[141](Dragon C113.2 ♺),"2,495 kg (5,501 lb)[434]",LEO (ISS),NASA (CRS),Success,Success(drone ship)
12,71,"24 May 2019,02:30",F9 B5 ♺B1049.3[436],"CCAFS,SLC-40",Starlink v0.9 (60 satellites),"13,620 kg (30,030 lb)[5]",LEO,SpaceX,Success,Success(drone ship)
14,72,"12 June 2019,14:17",F9 B5 ♺B1051.2[422],"VAFB,SLC-4E",RADARSAT Constellation(3 satellites),"4,200 kg (9,300 lb)[445]",SSO,Canadian Space Agency (CSA),Success,Success(ground pad)
16,FH 3,"25 June 2019,06:30[451]",Falcon HeavyB1057 core[422],"KSC,LC-39A",Space Test Program Flight 2 (STP-2),"3,700 kg (8,200 lb)",LEO / MEO,USAF,Success,Failure(drone ship)
18,FH 3,"25 June 2019,06:30[451]",B1053.2(side) ♺,"KSC,LC-39A",Space Test Program Flight 2 (STP-2),"3,700 kg (8,200 lb)",LEO / MEO,USAF,Success,Success(ground pad)
20,73,"25 July 2019,22:01[466]",F9 B5 ♺B1056.2[467],CCAFSSLC-40,SpaceX CRS-18[141](Dragon C108.3 ♺),"2,268 kg (5,000 lb)[466]",LEO (ISS),NASA (CRS),Success,Success(ground pad)
22,74,"6 August 2019,23:23[473]",F9 B5 ♺B1047.3[474],"CCAFS,SLC-40",AMOS-17[475],"6,500 kg (14,300 lb)[476]",GTO,Spacecom,Success,No attempt[476]
24,75,"11 November 2019,14:56[481]",F9 B5 ♺B1048.4,"CCAFS,SLC-40",Starlink 1 v1.0 (60 satellites),"15,600 kg (34,400 lb)[5]",LEO,SpaceX,Success,Success(drone ship)
26,76,"5 December 2019,17:29[483]",F9 B5B1059.1[484],"CCAFS,SLC-40",SpaceX CRS-19[485](Dragon C106.3 ♺),"2,617 kg (5,769 lb)",LEO (ISS),NASA (CRS),Success,Success(drone ship)
28,77,"17 December 2019,00:10[488]",F9 B5 ♺B1056.3[484],"CCAFS,SLC-40",JCSat-18 / Kacific 1[489],"6,956 kg (15,335 lb)[488]",GTO,Sky Perfect JSATKacific 1,Success,Success(drone ship)
0,78,"7 January 2020,02:19:21[494]",F9 B5 ♺ B1049.4,"CCAFS,SLC-40",Starlink 2 v1.0 (60 satellites),"15,600 kg (34,400 lb)[5]",LEO,SpaceX,Success,Success(drone ship)
2,79,"19 January 2020,15:30[496]",F9 B5 ♺ B1046.4,"KSC,LC-39A",Crew Dragon in-flight abort test[497](Dragon C205.1),"12,050 kg (26,570 lb)",Sub-orbital[498],NASA (CTS)[499],Success,No attempt
4,80,"29 January 2020,14:07[503]",F9 B5 ♺B1051.3,"CCAFS,SLC-40",Starlink 3 v1.0 (60 satellites),"15,600 kg (34,400 lb)[5]",LEO,SpaceX,Success,Success(drone ship)
6,81,"17 February 2020,15:05[505]",F9 B5 ♺B1056.4,"CCAFS,SLC-40",Starlink 4 v1.0 (60 satellites),"15,600 kg (34,400 lb)[5]",LEO,SpaceX,Success,Failure(drone ship)
8,82,"7 March 2020,04:50[508]",F9 B5 ♺B1059.2,"CCAFS,SLC-40",SpaceX CRS-20(Dragon C112.3 ♺),"1,977 kg (4,359 lb)[509]",LEO (ISS),NASA (CRS),Success,Success(ground pad)
10,83,"18 March 2020,12:16[512]",F9 B5 ♺ B1048.5,"KSC,LC-39A",Starlink 5 v1.0 (60 satellites),"15,600 kg (34,400 lb)[5]",LEO,SpaceX,Success,Failure(drone ship)
12,84,"22 April 2020,19:30[516]",F9 B5 ♺B1051.4,"KSC,LC-39A",Starlink 6 v1.0 (60 satellites),"15,600 kg (34,400 lb)[5]",LEO,SpaceX,Success,Success(drone ship)
14,85,"30 May 2020,19:22[519]",F9 B5B1058.1[520],"KSC,LC-39A",Crew Dragon Demo-2[416](Crew Dragon C206.1 Endeavour),"12,530 kg (27,620 lb)[521]",LEO (ISS),NASA (CCDev),Success,Success(drone ship)
16,86,"4 June 2020,01:25[523]",F9 B5 ♺B1049.5,"CCAFS,SLC-40",Starlink 7 v1.0 (60 satellites),"15,600 kg (34,400 lb)[5]",LEO,SpaceX,Success,Success(drone ship)
18,87,"13 June 2020,09:21[525]",F9 B5 ♺B1059.3,"CCAFS,SLC-40","Starlink 8 v1.0 (58 satellites),[526][527]SkySats-16, -17, -18","15,410 kg (33,970 lb)[525]",LEO,SpaceXPlanet Labs,Success,Success(drone ship)
20,88,"30 June 2020,20:10:46[531]",F9 B5B1060.1,"CCAFS,SLC-40",GPS III-03 (Matthew Henson),"4,311 kg (9,504 lb)[532]",MEO,U.S. Space Force[532],Success,Success(drone ship)
22,89,"20 July 2020,21:30[545]",F9 B5 ♺ B1058.2[546],"CCAFS,SLC-40",ANASIS-II,"5,000–6,000 kg (11,000–13,000 lb)",GTO,Republic of Korea Army,Success,Success(drone ship)
24,90,"7 August 2020,05:12[551]",F9 B5 ♺B1051.5,"KSC,LC-39A","Starlink 9 v1.0 (57 Satellites),[526]SXRS-1 (BlackSky Global 7 and 8)","14,932 kg (32,919 lb)",LEO,SpaceXSpaceflight Industries (BlackSky),Success,Success(drone ship)
26,91,18 August 2020 14:31[555],F9 B5 ♺B1049.6[546],"CCAFS,SLC-40","Starlink 10 v1.0 (58 satellites)SkySat-19, -20, -21","~15,440 kg (34,040 lb)",LEO,SpaceXPlanet Labs,Success,Success(drone ship)
28,92,30 August 202023:18[557],F9 B5 ♺B1059.4,"CCAFS,SLC-40",SAOCOM 1B[558]GNOMES 1[558]Tyvak-0172[559],"3,130 kg (6,900 lb)[560]",SSO,CONAEPlanetIQTyvak,Success,Success(ground pad)
30,93,3 September 202012:46:14[564],F9 B5 ♺B1060.2[565],"KSC,LC-39A",Starlink 11 v1.0 (60 satellites),"15,600 kg (34,400 lb)[5]",LEO,SpaceX,Success,Success(drone ship)
32,94,6 October 202011:29:34[566],F9 B5 ♺B1058.3[567],"KSC,LC-39A",Starlink 12 v1.0 (60 satellites),"15,600 kg (34,400 lb)[5]",LEO,SpaceX,Success,Success(drone ship)
34,95,18 October 202012:25:57[569],F9 B5 ♺B1051.6[570],"KSC,LC-39A",Starlink 13 v1.0 (60 satellites),"15,600 kg (34,400 lb)[5]",LEO,SpaceX,Success,Success(drone ship)
36,96,24 October 202015:31:34[572],F9 B5 ♺B1060.3,"CCAFS,SLC-40",Starlink 14 v1.0 (60 satellites),"15,600 kg (34,400 lb)",LEO,SpaceX,Success,Success(drone ship)
38,97,5 November 202023:24:23[574],F9 B5B1062.1,"CCAFS,SLC-40",GPS III-04 (Sacagawea)[543][575],"4,311 kg (9,504 lb)",MEO,USSF,Success,Success(drone ship)
40,98,16 November 202000:27[583],F9 B5B1061.1[584],"KSC,LC-39A",Crew-1(Crew Dragon C207.1 Resilience),"~12,500 kg (27,600 lb)",LEO (ISS),NASA (CCP)[499],Success,Success(drone ship)
42,99,21 November 202017:17:08[589],F9 B5B1063.1,"VAFB,SLC-4E",Sentinel-6 Michael Freilich (Jason-CS A),"1,192 kg (2,628 lb)",LEO,NASA / NOAA / ESA / EUMETSAT,Success,Success(ground pad)
44,100,25 November 202002:13[591],F9 B5 ♺B1049.7[592],"CCAFS,SLC-40",Starlink 15 v1.0 (60 satellites),"15,600 kg (34,400 lb)",LEO,SpaceX,Success,Success(drone ship)
46,101,6 December 202016:17:08[593],F9 B5 ♺B1058.4[594],"KSC,LC-39A",SpaceX CRS-21(Dragon C208.1),"2,972 kg (6,552 lb)",LEO (ISS),NASA (CRS),Success,Success(drone ship)
48,102,13 December 202017:30:00[598],F9 B5 ♺B1051.7,"CCSFS,SLC-40[599]",SXM-7,"7,000 kg (15,000 lb)",GTO,Sirius XM,Success,Success(drone ship)
50,103,19 December 202014:00:00[604],F9 B5 ♺B1059.5,"KSC,LC-39A",NROL-108,Classified,LEO,NRO,Success,Success(ground pad)
0,104,8 January 202102:15[606],F9 B5 ♺B1060.4,"CCSFS,SLC-40",Türksat 5A[607],"3,500 kg (7,700 lb)",GTO,Türksat,Success,Success(drone ship)
2,105,20 January 202113:02[610],F9 B5 ♺B1051.8[611],"KSC,LC-39A",Starlink 16 v1.0 (60 satellites),"15,600 kg (34,400 lb)",LEO,SpaceX,Success,Success(drone ship)
4,106,24 January 202115:00[614],F9 B5 ♺B1058.5[615],"CCSFS,SLC-40",Transporter-1: (143 smallsat rideshare),"~5,000 kg (11,000 lb)",SSO,Various,Success,Success(drone ship)
6,107,4 February 2021 06:19[625],F9 B5 ♺B1060.5[626],"CCSFS,SLC-40",Starlink 18 v1.0 (60 satellites),"15,600 kg (34,400 lb)",LEO,SpaceX,Success,Success(drone ship)
8,108,16 February 202103:59:37[628],F9 B5 ♺B1059.6,"CCSFS,SLC-40",Starlink 19 v1.0 (60 satellites)[629],"15,600 kg (34,400 lb)",LEO,SpaceX,Success,Failure (drone ship)
10,109,4 March 202108:24[635],F9 B5 ♺B1049.8[636],"KSC,LC-39A",Starlink 17 v1.0 (60 satellites),"15,600 kg (34,400 lb)",LEO,SpaceX,Success,Success(drone ship)
12,110,11 March 202108:13:29[639],F9 B5 ♺B1058.6[640],"CCSFS,SLC-40",Starlink 20 v1.0 (60 satellites),"15,600 kg (34,400 lb)",LEO,SpaceX,Success,Success(drone ship)
14,111,14 March 202110:01[642],F9 B5 ♺B1051.9,"KSC,LC-39A",Starlink 21 v1.0 (60 satellites),"15,600 kg (34,400 lb)",LEO,SpaceX,Success,Success(drone ship)
16,112,24 March 202108:28[644],F9 B5 ♺B1060.6[645],"CCSFS,SLC-40",Starlink 22 v1.0 (60 satellites),"15,600 kg (34,400 lb)",LEO,SpaceX,Success,Success(drone ship)
18,113,7 April 202116:34,F9 B5 ♺B1058.7,"CCSFS,SLC-40",Starlink 23 v1.0 (60 satellites),"15,600 kg (34,400 lb)",LEO,SpaceX,Success,Success(drone ship)
20,114,23 April 20219:49[648],F9 B5 ♺B1061.2[649],"KSC,LC-39A",Crew-2(Crew Dragon C206.2 Endeavour ♺),"~13,000 kg (29,000 lb)[650]",LEO (ISS),NASA (CTS)[499],Success,Success(drone ship)
22,115,29 April 202103:44[653],F9 B5 ♺B1060.7[654],"CCSFS,SLC-40",Starlink 24 v1.0 (60 satellites),"15,600 kg (34,400 lb)",LEO,SpaceX,Success,Success(drone ship)
24,116,4 May 202119:01[656],F9 B5 ♺B1049.9[657],"KSC,LC-39A",Starlink 25 v1.0 (60 satellites),"15,600 kg (34,400 lb)",LEO,SpaceX,Success,Success(drone ship)
26,117,9 May 202106:42[658],F9 B5 ♺B1051.10[659],"CCSFS,SLC-40",Starlink 27 v1.0 (60 satellites),"15,600 kg (34,400 lb)",LEO,SpaceX,Success,Success(drone ship)
28,118,15 May 202122:56[661],F9 B5 ♺B1058.8[662],"KSC,LC-39A[663]",Starlink 26 v1.0 (52 Satellites) Capella-6 &Tyvak-0130[664],"~14,000 kg (31,000 lb)",LEO,SpaceX Capella Space and Tyvak,Success,Success(drone ship)
30,119,26 May 202118:59[666],F9 B5 ♺B1063.2[667],"CCSFS,SLC-40[667]",Starlink 28 v1.0 (60 Satellites)[667],"15,600 kg (34,400 lb)",LEO,SpaceX,Success,Success(drone ship)
32,120,3 June 202117:29[669],F9 B5 B1067.1[670],"KSC,LC-39A",SpaceX CRS-22(Dragon C209.1),"3,328 kg (7,337 lb)",LEO (ISS),NASA (CRS),Success,Success(drone ship)
34,121,6 June 202104:26[677],F9 B5 ♺ B1061.3,"CCSFS,SLC-40",SXM-8[678],"7,000 kg (15,000 lb)",GTO,Sirius XM,Success,Success(drone ship)
36,122,17 June 202116:09[680],F9 B5 ♺ B1062.2[681],"CCSFS,SLC-40",GPS III-05 (Neil Armstrong)[543][390],"4,331 kg (9,548 lb)[682]",MEO,USSF[532],Success,Success(drone ship)
38,123,30 June 202119:31[687],F9 B5 ♺ B1060.8,"CCSFS,SLC-40",Transporter-2: (88 payloads Smallsat Rideshare),"~11,000 kg (24,000 lb)",SSO,Various,Success,Success(ground pad)
